*, Hydrophobicity index,Hydrophilicity scale,Buriability, Residue volume,Polarity,Localized electrical effect,Alpha-CH chemical shifts,Alpha-helix indices,Beta-strand indices,Aperiodic indices,Relative mutability,Optical rotation,Graph shape index,Solvation free energy,Net charge,HPLC parameter
A,-0.21,0.78,13.4,52.6,0,-0.01,4.35,1.29,0.84,0.91,100,1.8,1.28,0.67,0,2.1
R,2.11,1.58,8.5,109.1,52,0.04,4.38,1,1.04,1,65,12.5,2.34,-2.1,1,4.2
N,0.96,1.2,7.6,75.7,3.38,0.06,4.75,0.81,0.66,1.64,134,-5.6,1.6,-0.6,0,7
D,1.36,1.35,8.2,68.4,49.7,0.15,4.76,1.1,0.59,1.4,106,5.05,1.6,-1.2,-1,10
C,-6.04,0.55,22.6,68.3,1.48,0.12,4.65,0.79,1.27,0.93,20,-16.5,1.77,0.38,0,1.4
Q,1.52,1.19,8.5,89.7,3.53,0.05,4.37,1.07,1.02,0.94,93,6.3,1.56,-0.22,0,6
E,2.3,1.45,7.3,84.7,49.9,0.07,4.29,1.49,0.57,0.97,102,12,1.56,-0.76,-1,7.8
G,0,0.68,7,36.3,0,0,3.97,0.63,0.94,1.51,49,0,0,0,0,5.7
H,-1.23,0.99,11.3,91.9,51.6,0.08,4.63,1.33,0.81,0.9,66,-38.5,2.99,0.64,0,2.1
I,-4.81,0.47,20.3,102,0.13,-0.01,3.95,1.05,1.29,0.65,96,12.4,4.19,1.9,0,-8
L,-4.68,0.56,20.8,102,0.13,-0.01,4.17,1.31,1.1,0.59,40,-11,2.59,1.9,0,-9.2
K,3.88,1.1,6.1,105.1,49.5,0,4.36,1.33,0.86,0.82,56,14.6,1.89,-0.57,1,5.7
M,-3.66,0.66,15.7,97.7,1.43,0.04,4.52,1.54,0.88,0.58,94,-10,2.35,2.4,0,-4.2
F,-4.65,0.47,23.9,113.9,0.35,0.03,4.66,1.13,1.15,0.72,41,-34.5,2.94,2.3,0,-9.2
P,0.75,0.69,9.9,73.6,1.58,0,4.44,0.63,0.8,1.66,56,-86.2,2.67,1.2,0,2.1
S,1.74,1,8.2,54.9,1.67,0.11,4.5,0.78,1.05,1.23,120,-7.5,1.31,0.01,0,6.5
T,0.78,1.05,10.3,71.2,1.66,0.04,4.35,0.77,1.2,1.04,97,-28,3.03,0.52,0,5.2
W,-3.32,0.7,24.5,135.4,2.1,0,4.7,1.18,1.15,0.67,18,-33.7,3.21,2.6,0,-10
Y,-1.01,1,19.5,116.2,1.61,0.03,4.6,0.71,1.39,0.92,41,-10,2.94,1.6,0,-1.9
V,-3.5,0.51,19.5,85.1,0.13,0.01,3.95,0.81,1.56,0.6,74,5.63,3.67,1.5,0,-3.7
,,,,,,,,,,,,,,,,
,,,,,,,,,,,,,,,,
,,,,,,,,,,,,,,,,
,,,,,,,,,,,,,,,,
,,,,,,,,,,,,,,,,
,,,,,,,,,,,,,,,,
,,,,,,,,,,,,,,,,